address,classification,details,fone,link,name,position
"       R. Prof. Cleto, 31 - Centro, União da Vitória - PR, 84600-000      ","4,8",Loja de Roupa,       (42) 3522-1053      ,,Loja Falk 's Masculina e Feminina,1
"       Av. Paula Freitas, 1144 - sl 2 - Nossa Sra. da Salete, União da Vitória - PR, 84600-000      ","4,7",Loja de Roupa,       (42) 3524-7026      ,       facebook.com      ,Ki Mania,2
"       R. Profa. Amazília, 182 - Centro, União da Vitória - PR, 84600-000      ","4,6",Loja de Roupa,       (42) 3522-4343      ,,Vencedora Calçados e Confecções,3
"       R. Cruz Machado, 144 - Centro, União da Vitória - PR, 84600-000      ",,Loja de Roupa,       (42) 3522-6692      ,,Lojas Top 10 União da Vitória,4
"       Av. Interventor Manoel Ribas, 102 - Centro, União da Vitória - PR, 84600-000      ","4,5",Loja de moda feminina,       (42) 3522-5191      ,,Chocolate com Pimenta,5
"       Av. Interventor Manoel Ribas, 439 - Centro, União da Vitória - PR, 84600-280      ","4,5",Loja de Roupa,       (42) 3524-4993      ,       lojaodokeima.com.br      ,Lojão do Keima,6
"       R. Profa. Amazília - Centro, União da Vitória - PR, 84600-000      ","4,4",Loja de Roupa,,,Loja Casual,7
"       R. Carlos Cavalcante, 141 - Centro, União da Vitória - PR, 84600-000      ","5,0",Loja de moda feminina,       (42) 3522-0116      ,       reverty.com.br      ,Loja Reverty,8
"       Av. Interventor Manoel Ribas, 665 - Centro, União da Vitória - PR, 84600-000      ","4,0",Loja de Roupa,       (42) 3524-3810      ,,Belíssima moda e acessórios,9
"       R. Alm. Barroso, 311 - Centro, União da Vitória - PR, 84600-000      ","4,8",Loja de Roupa,       (42) 3522-4041      ,,Patrícia Malhas Ltda,10
"       Av. Interventor Manoel Ribas, 427 - Centro, União da Vitória - PR, 84600-280      ","4,2",Loja de Roupa,       (42) 3522-9024      ,       maiseconomica.com.br      ,Loja Mais Economica,11
"       R. Carlos Cavalcante, 89 - Centro, União da Vitória - PR, 84600-000      ","5,0",Loja de moda feminina,       (42) 3522-2445      ,,Loja Olga Confecções,12
"       Av. Interventor Manoel Ribas, 355 - Centro, União da Vitória - PR, 84600-000      ","4,8",Loja de Roupa,       (42) 3522-9478      ,       ciadamalha.com.br      ,Cia da malha - União da Vitória,13
"       R. Prof. Cleto, 36 - Centro, União da Vitória - PR, 84600-140      ",,Loja de Roupa,       (42) 3523-3094      ,       facebook.com      ,Azaff Concept,14
"       Av. Cel. Amazonas, 384 - Navegantes, União da Vitória - PR, 84600-000      ","4,6",Loja de moda feminina,       (42) 99947-7167      ,       lojaded.com.br      ,DED Moda Íntima,15
"       R. Carlos Cavalcante, 78 - Centro, União da Vitória - PR, 84600-000      ","4,5",Loja de moda masculina,       (42) 3522-4850      ,       espacomasculino.com.br      ,Espaço Masculino,16
"       R. Prof. Cleto, nº 51 - Centro, União da Vitória - PR, 84600-140      ","4,5",Loja de Roupa,       (42) 3522-3249      ,       zpp.com.br      ,Zipperer,17
"       R. Profa. Amazília, 165 - Centro, União da Vitória - PR, 84600-000      ",,Loja de Roupa,       (42) 3522-6211      ,,Destake Modas,18
"       Av. Interventor Manoel Ribas, 232 - Centro, União da Vitória - PR, 84600-000      ","4,0",Loja de Roupa,       (42) 3524-7939      ,,Loja Mineirinha Moda e Acesorios,19
"       R. Costa Carvalho, 344 - Centro, União da Vitória - PR, 84600-000      ","5,0",Loja de Roupa,       (42) 3523-2463      ,,Ell Malhas,20
"       R. Carlos Cavalcante, 140 - Centro, União da Vitória - PR, 84600-130      ","5,0",Loja de Roupa,       (42) 3577-0101      ,       lojachezelle.com.br      ,Chez Elle,1
"       Av. Interventor Manoel Ribas, 310 - Centro, União da Vitória - PR, 84600-000      ","5,0",Loja de Roupa,       (42) 3524-7058      ,       hering.com.br      ,Hering,2
"       R. Prof. Cleto, 81 - Centro, União da Vitória - PR, 84600-140      ","4,8",Loja de Roupa,       (42) 3522-8008      ,       colcciuniaodavitoria.com.br      ,Colcci União,3
"       Av. Interventor Manoel Ribas, 509 - Centro, União da Vitória - PR, 84600-000      ",,Loja de Roupa,       (42) 3522-3398      ,,Abrazzo,4
"       Av. Interventor Manoel Ribas, 232 - Centro, União da Vitória - PR, 84600-280      ","5,0",Loja de Roupa,       (42) 3522-3596      ,,Glamour,5
"       Av. Interventor Manoel Ribas, 460 - Centro, União da Vitória - PR, 84600-000      ","3,4",Loja de Roupa,       (42) 3522-1945      ,,CASA DAS NOIVAS,6
"       R. Ipiranga, 305 - Centro, União da Vitória - PR, 84600-000      ","3,0",Loja de Roupa,       (42) 3523-4904      ,,Passos Confecções,7
"       Av. Getúlio Vargas, 20 - Centro, União da Vitória - PR, 84600-170      ","4,3",Loja de móveis,       (42) 3522-2042      ,,Loja Ótima,8
"       R. Siqueira Campos, 41 - Centro, União da Vitória - SC, 89400-000      ",,Loja de Roupa,       (42) 3524-4154      ,       facebook.com      ,Sunset Moda Masculina,9
"       R. Cel. Amazonas, 648 - Navegantes, União da Vitória - PR, 84600-081      ","5,0",Loja de Roupa,       (42) 99156-2897      ,       mdk-flores.negocio.site      ,Joya Made STORE,10
"       R. Carlos Cavalcante, 141 A - Centro, União da Vitória - PR, 84600-000      ",,Loja de Roupa,,,Loja Élles,11
"       Av. Interventor Manoel Ribas, 91 - Centro, União da Vitória - PR, 84600-000      ",,Loja de Roupa,       (42) 3523-4665      ,,Kerlin Modas Ltda,12
"       Av. Interventor Manoel Ribas, 427 - Centro, União da Vitória - PR, 84600-000      ",,Loja de Roupa,       (42) 3522-9024      ,       maiseconomica.com.br      ,Loja Mais Economica,13
"       Av. Interventor Manoel Ribas, 455 - Centro, União da Vitória - PR, 84600-000      ",,Loja de Roupa,       (42) 99957-5378      ,,Gabriella Modas,14
"       R. Prof. Cleto, 19 - Centro, União da Vitória - PR, 84600-000      ","5,0",Loja de moda infantil,       (42) 3522-0996      ,,Abrahão Abrahão,15
"       R. Carlos Cavalcante, 254 - Centro, União da Vitória - PR, 84165-650      ",,Loja de roupas para bebês,       (42) 3523-3892      ,,Bubbles Baby e Kids,16
"       R. Cruz Machado, 151 - Centro, União da Vitória - PR, 84600-000      ","5,0",Loja de Roupa,       (42) 3522-5229      ,       evolucaomilitar.com.br      ,Evolução Militar,17
"       R. Ipiranga, 129 - Centro, União da Vitória - PR, 84600-000      ","4,6",Loja de vestidos de noiva,       (42) 3522-4431      ,       facebook.com      ,Cores e Brilhos,18
"       R. Prudente de Morais, Número 153 - Centro, União da Vitória - SC, 89400-000      ",,Loja de Roupa,,,Jeans Store Porto União,19
"       Av. Interventor Manoel Ribas, 427 - Centro, União da Vitória - PR, 84600-000      ",,Loja de Roupa,       (42) 3522-9024      ,       maiseconomica.com.br      ,Loja Mais Economica,20
"       R. Siqueira Campos, 114 - Centro, Porto União - SC, 89400-000      ","4,5",Loja de Roupa,       (42) 3522-0590      ,       ciadamalha.com.br      ,Cia da malha - Porto União,1
"       R. Profa. Amazília, 644 - Centro, União da Vitória - PR, 84600-285      ",,Loja de Roupa,       (42) 99113-6691      ,       emellymodas.com.br      ,Emelly Modas,2
"       R. Profa. Amazília, 288 - Centro, União da Vitória - PR, 84600-000      ","5,0",Loja de moda infantil,       (42) 3524-2698      ,       lojatuttibambini.com.br      ,Tutti Bambini,3
"       R. Carlos Cavalcante, 223 - Centro, União da Vitória - PR, 84600-000      ","4,8",Loja de Roupa,       (42) 3522-4343      ,,Vencedora Calçados e Confecções,4
"       R. Prof. Cleto, 124 - Centro, União da Vitória - PR, 84600-970      ",,Loja de moda feminina,       (42) 3522-8265      ,,Belle Modas - Roupas Femininas,5
"       R. Paraná, 1122 - São Bernardo, União da Vitória - PR, 84600-000      ","3,0",Loja de Roupa,       (42) 3523-3339      ,,Balangandã Modas,6
"       R. Profa. Amazília, 4 - Centro, União da Vitória - PR, 84600-285      ","5,0",Loja de moda infantil,       (42) 3522-8695      ,       bacieabbracci.com.br      ,Baci & Abbracci,7
"       Av. Interventor Manoel Ribas, 91 - Centro, União da Vitória - PR, 84600-000      ",,Loja de roupas para bebês,       (42) 98813-2370      ,       storebabykids.com.br      ,Loja Baby Kids (Eloa Modas Ltda),8
"       R. Profa. Amazília, 127 - Centro, União da Vitória - PR, 84600-000      ","4,6",Loja de Roupa,,,Miss Bella,9
"       R. Mal. Deodoro, 780 - São Basílio Magno, União da Vitória - PR, 84600-000      ","5,0",Loja de Roupa,       (42) 3523-4076      ,,Loja Élles,10
"       R. Cel. João Gualberto, 360 - Centro, União da Vitória - PR, 84600-210      ",,Loja de roupas para jovens,       (42) 3523-1045      ,       facebook.com      ,Loja Conexão SP,11
"       Av. Interventor Manoel Ribas, 364 - Centro, União da Vitória - PR, 84600-280      ",,Loja de Roupa,       (42) 3522-9964      ,       facebook.com      ,Rei do Jeans,12
"       R. Profa. Amazília, 165 - Centro, União da Vitória - PR, 84600-285      ",,Loja especializada em roupas íntimas,       (42) 3522-6211      ,,Destake Moda íntima,13
"       R. Visc. de Guarapuava, 242 - Centro, União da Vitória - SC, 89400-000      ","5,0",Loja de Roupa,       (42) 99131-4963      ,       instagram.com      ,Muzi Estilo Casual,14
"       Av. Paula Freitas, 4220 - São Sebastião, União da Vitória - PR, 84600-000      ","4,3",Loja de Roupa,       (42) 3524-4568      ,,Loja Evelyn,15
"       R. Carlos Cavalcante, 129 - Centro, União da Vitória - PR, 84600-000      ","5,0",Loja de Roupa,,,Loja Tânia,16
"       R. Dr. João Augusto Barbosa, 275 - São Braz, União da Vitória - PR, 84600-000      ",,Loja de roupas para bebês,       (41) 98525-0116      ,       facebook.com      ,TUY&GOmodainfantil,17
"       Av. Interventor Manoel Ribas, 38 - Centro, União da Vitória - PR, 84600-000      ","4,2",Loja de departamento,       (42) 2130-5970      ,       pernambucanas.com.br      ,Pernambucanas,18
"       R. Visc. de Guarapuava, 230 - Centro, União da Vitória - SC, 89400-000      ","5,0",Loja de Roupa,       (42) 99131-4963      ,       instagram.com      ,Muzi Estilo Casual,19
"       R. Profa. Amazília, 689 - Centro, União da Vitória - PR, 84600-285      ","5,0",Loja de Roupa,       (42) 99128-2223      ,       instagram.com      ,Closet Moda Unissex,20
"       Av. Paula Freitas - Sagrada Família, União da Vitória - PR, 84600-000      ",,Loja de Roupa,,,Happy Moda Jovem,1
"       Av. Getúlio Vargas, 202 - Centro, União da Vitória - PR, 84600-170      ","4,5",Loja de móveis,       (42) 3522-3235      ,       casasestrela.com.br      ,Casas Estrela,2
"       R. Sete de Setembro, 55 - Cidade Nova, Porto União - SC, 89400-000      ","4,2",Loja de Roupa,       (42) 3522-9766      ,,Lojão do Queima,3
"       Av. Interventor Manoel Ribas, 134 - Centro, União da Vitória - PR, 84600-000      ","5,0",Loja de moda masculina,       (42) 3522-4989      ,,Magazin Jacobs,4
"       Av. Interventor Manoel Ribas, 25 - Centro, União da Vitória - PR, 84600-282      ","3,9",Loja de Roupa,       (42) 3522-2949      ,,Casa 2 Irmãos,5
"       R. Benjamin Constant, 55 - Centro, União da Vitória - PR, 84600-000      ",,Loja de Roupa,       (42) 99932-2894      ,       dac-modas.ueniweb.com      ,Dac modas,6
"       R. Carlos Cavalcante - São Bernardo, União da Vitória - PR, 84600-000      ","4,0",Loja de Roupa,,,Cravo e Canela,7
"       RUA Prudente DE Morais, 516, QSQ 01 - Centro, União da Vitória - PR, 84600-000      ","4,5",Loja de produtos de beleza,       (42) 3522-7100      ,       boticario.com.br      ,O Boticário,8
"       R. Profa. Amazília, 348 - Centro, União da Vitória - PR, 84600-000      ","4,7",Confecção,       (42) 3522-6280      ,,Dino's moda Esportiva,9
"       R. Prof. Cleto, 124 - Centro, União da Vitória - PR, 84600-000      ","4,0",Loja de moda feminina,       (42) 3522-8265      ,,Melize Mulher,10
"       Av. Abilon de Souza Naves, 1995 - Cidade Jardim, União da Vitória - PR, 84607-010      ",,Loja de Roupa,       (42) 98885-5030      ,,Claudia Confecções e Uniformes,11
"       R. Prudente de Morais, 750 - São Basílio Magno, União da Vitória - PR, 84600-490      ",,Loja de roupas esportivas,       (42) 99166-0020      ,,Limao Rosa Moda Fitness,12
"       R. Matos Costa, 14 - Centro, Porto União - SC, 89400-000      ",,Loja de Roupa,       (42) 3523-1665      ,,Lojas mr,13
"       R. Carlos Cavalcante, 270 - Centro, União da Vitória - PR, 84600-000      ",,Costureira,       (42) 3522-8348      ,,SOS Roupas,14
"       R. Cordovan, R. Frederico de Melo, 331 - Bento Munhoz da Rocha, União da Vitória - PR, 84607-605      ","5,0",Loja de Roupa,       (42) 99960-0660      ,,BRECHO IVA SYZ,15
"       R. Siqueira Campos, 136 - Centro, Porto União - SC, 89400-000      ","4,0",Loja de Roupa,       (42) 3522-2719      ,,A & B Departamento de Modas,16
,,Loja de moda feminina,       (42) 99810-8418      ,,Moda Na Sua Casa,17
"       R. Carlos Cavalcante, 133 - Centro, União da Vitória - PR, 84600-130      ","5,0",Loja de cosmético,       (42) 98403-0312      ,       instagram.com      ,Loja Natura Viva Bem,18
"       R. Prudente de Morais, 332 - Centro, Porto União - SC, 89400-000      ",,Loja de Roupa,,,Mimo do Bebê,19
"       Av. Interventor Manoel Ribas, 199 - Centro, União da Vitória - PR, 84600-288      ","5,0",Confecção,       (42) 98413-6194      ,,Cantinho da criança,20
"       R. Joaquim Távora, 1149 - Centro, União da Vitória - PR, 84600-000      ","5,0",Loja de vestidos de noiva,       (42) 98867-7552      ,       facebook.com      ,Ateliê Victoria Noivas,1
"       R. Prudente de Morais, 474 - Centro, Porto União - SC, 84600-000      ","3,5",Loja de Roupa,       (42) 3523-9910      ,,Sempre Nova Reforma de Roupas,2
"       R. Sete de Setembro, 87 - Centro, Porto União - SC, 89400-000      ","1,0",Loja de vestidos de noiva,       (42) 3524-3954      ,,Flash Moda Festa,3
"       R. Prudente de Morais, 117 - Centro, Porto União - SC, 89400-000      ",,Loja de Roupa,       (42) 99996-6162      ,       instagram.com      ,La Donna Boutique,4
"       R. Matos Costa, 563 - Centro, Porto União - SC, 89400-000      ",,Loja de vestidos,       (42) 99166-3500      ,,MA BELLE - Locação de Trajes de Festa,5
"       R. Prudente de Morais, 242 - Centro, Porto União - SC, 89400-000      ","5,0",Loja de Roupa,       3522-1015      ,,Clhoe Store,6
"       R. Matos Costa, 149 - Centro, Porto União - SC, 89400-000      ","4,7",Loja de roupas para jovens,       (42) 99870-8488      ,       facebook.com      ,Girl Store,7
"       R. Profa. Amazília, 165 - Centro, União da Vitória - PR, 84600-000      ","4,5",Loja de lingerie,       (42) 3522-7326      ,,Mania de Mulher,8
"       R. Prof. Cleto, 413 - Centro, União da Vitória - PR, 84600-000      ",,Loja de acessórios de moda,       (42) 99112-0205      ,       instagram.com      ,Vanessa Lima Bijoux,9
"       R. Profa. Amazília, 236 - Centro, União da Vitória - PR, 84600-000      ","5,0",Confecção,       (42) 3522-0656      ,       sincler-malhas.negocio.site      ,Sincler Malhas,10
"       R. Expedicionário Edmundo Arrabar, 1546 - Santa Rosa, Porto União - SC, 89400-000      ","4,5",Loja de Roupa,       (42) 3522-5910      ,,Loja Da Maria,11
,,Loja de Roupa,       (42) 3523-3028      ,,Pijamas For You,12
"       R. Dário Antônio Bordin, 202 - Centro, União da Vitória - PR, 84600-180      ","4,1",Confecção,       (42) 3524-8221      ,       uniformessilk.com.br      ,Malharia Silk Confecções e Uniformes,13
"       R. São Cristóvão, 20 - São Cristóvão, União da Vitória - PR, 84600-000      ",,Loja de Roupa,       (49) 98434-8483      ,       rode-confeccoes.ueniweb.com      ,Rode Confecções,14
"       R. Joaquim Távora, 1356 - Centro, União da Vitória - PR, 84600-000      ","4,2",Loja de artigos para festas,       (42) 3523-9346      ,,LOTUS Artigos para Festas,15
"       R. Cel. Belarmino, 248 - SALA 02 - Centro, Porto União - SC, 89400-000      ",,Loja de moda feminina,       (42) 98838-7466      ,       instagram.com      ,Feminina Modas,16
"       R. Dário Antônio Bordin, 279 - Centro, União da Vitória - PR, 84600-000      ",,Confecção,       (42) 99947-4430      ,       facebook.com      ,Rô Costuras,17
"       R. Cruz Machado, 77 - Centro, União da Vitória - PR, 84600-175      ",,Loja de lingerie,       (42) 3522-0890      ,       instagram.com      ,Que Bonita Lingeries e Acessórios,18
"       R. Cel. Amazonas, 745 - Centro, Porto União - SC, 89400-000      ","5,0",Loja de Roupa,       (42) 3577-0188      ,       facebook.com      ,Caru Mallon Sapatos e Acessórios,19
,,Loja de moda infantil,       (41) 98525-0116      ,,TUY&GOmodainfantil,20
"       Av. Getúlio Vargas, 186 - sala 1 - Centro, União da Vitória - PR, 84600-170      ",,Confecção,       (42) 3522-3485      ,       casasestrela.com.br      ,Estrela Outlet,1
,,Loja de moda masculina,       (42) 98865-6176      ,       malagutti-menswear.ueniweb.com      ,Malagutti Menswear,2
"       Lauro Muller, 152 - Cidade Nova, Porto União - SC, 89400-000      ",,Loja de roupas esportivas,,,FUN,3
,,Loja de roupas para jovens,       (47) 99787-5521      ,,MOL MALHAS.,4
"       R. Ipiranga, 108 - Centro, União da Vitória - PR, 84600-000      ",,Loja de camisetas personalizadas,       (42) 98868-2363      ,       mariapinha.ueniweb.com      ,Maria Pinha,5
"       R. Pedro Siqueira Cortez, 58 - Centro, União da Vitória - PR, 84600-000      ","4,7",Loja de produtos de beleza,       (42) 3524-5009      ,       boticario.com.br      ,O Boticário,6
"       R. Matos Costa, 33 - Centro, Porto União - SC, 89400-000      ",,Confecção,       (42) 3522-1523      ,,Loja Eve,7
"       R. Mal. Deodoro da Fonseca, 269 - Centro, União da Vitória - PR, 84010-030      ","4,6",Brechó,       (42) 98872-5655      ,,Brecho Das Meninas,8
,,Loja de lingerie,       (42) 98425-5995      ,,Nua Belle Lingerie,9
,,Loja de bicicleta,       (42) 99139-7233      ,       monbike.com.br      ,MonBike Store,10
"       R. Barão do Cerro Azul, 518 - Centro, União da Vitória - PR, 84600-000      ","5,0",Butique,       (42) 3523-3843      ,,Boutique para Cães e Gatos,11
"       Av. Santa Rosa, 1385 - 2 - Santa Rosa, Porto União - SC, 89400-000      ","4,7",Loja de moda feminina,       (42) 99918-3936      ,,Charme Moda e Acessórios,12
"       Centro, Porto União - SC, 89400-000      ","4,5",Loja de Roupa,       (42) 3522-4953      ,,Lord Ele Ela,13
"       R. Benjamin Constant, 823 - Centro, União da Vitória - PR, 84600-290      ","5,0",Costureira,       (42) 3522-6143      ,       facebook.com      ,Dona Alda Costureira,14
"       R. Nilo Peçanha, 1001 - São Pedro, Porto União - SC, 89400-000      ","4,8",Loja de vestidos de noiva,       (42) 3522-3324      ,,Walderis Noivas & Eventos,15
"       R. dos Expedicionários, 353 - São Basílio Magno, União da Vitória - PR, 84600-506      ",,Costureira,       (42) 99141-6593      ,,Costureira Silvia Vogel Werle,16
"       R. Carlos Cavalcante, 25 - Centro, Porto União - PR, 84600-000      ","5,0",Costureira,       (42) 3523-4352      ,,Casa da Costura,17
"       Rua Professora, R. Francisca Maria Wainand - Cidade Jardim, União da Vitória - PR, 84607-164      ","5,0",Serviço de aluguel de fantasias,       (42) 99931-3921      ,       serenosatelie.wordpress.com      ,Serenos Ateliê,18
"       R. Matos Costa, 112 - Centro, Porto União - SC, 89400-000      ","4,0",Confecção,       (42) 3524-7351      ,,VIA BRASIL CONFECÇÕES,19
"       R. Gustavo Tenius de Medeiros, 533 - Cidade Nova, Porto União - SC, 89400-000      ","3,0",Costureira,,,Amaral Confecções,20
"       rua jacob bogus, 113      ","3,7",Confecção,       (42) 3522-2674      ,       grupobrasil.ind.br      ,Grupo Brasil,1
"       R. Bento Corrêa de Oliveira, 7 - São Pedro, Porto União - SC, 89400-000      ","4,7",Confecção,       (42) 98831-1027      ,,And'Mara Confecções,2
"       R. Teodoro Lemos, 252 - São Pedro, Porto União - SC, 89400-000      ",,Costureira,       (47) 99963-7309      ,,Ateliê Três Maria,3
,,Perfumaria,       (42) 99145-9387      ,       facebook.com      ,WC COSMÉTICOS,4
"       R. Linha Sao Miguel, Porto Vitória - PR, 84615-000      ",,Loja de roupas para jovens,       (42) 99858-5469      ,,Top Style Loja,5
"       R. Ranulfo Costa Pinto, 45 - São Basílio Magno, União da Vitória - PR, 84600-502      ","5,0","Loja de artigos para cama, mesa e banho",       (42) 3523-9954      ,       shopcama.com.br      ,ShopCama,6
"       Av. Interventor Manoel Ribas, 189 - Centro, União da Vitória - PR, 84600-280      ",,Loja de artigos para festas,       (42) 3522-3007      ,,Flash Moda Festa,7
"       R. Prof. Cleto, 35 - Centro, União da Vitória - PR, 84600-000      ","4,0",Loja,       (42) 3523-9217      ,       loja-vipp.business.site      ,LOJA VIPP,8
"       Navegantes, União da Vitória - PR, 84600-000      ",,Loja de eletrônicos,,,Lojas Estrela,9
"       R. Profa. Amazília, 102 - Centro, União da Vitória - PR, 84600-000      ","4,0",Loja de eletrodomésticos,       (42) 99116-5982      ,       benoit.com.br      ,Lojas Benoit,10
"       R. Bahia, Irineópolis - SC, 89440-000      ","5,0",Loja de Roupa,       (47) 99118-7669      ,       facebook.com      ,Lotus Modas e Acessórios,11
"       R. Pernambuco, 168, Irineópolis - SC, 89440-000      ","5,0",Loja de Roupa,       (47) 3625-1110      ,       brazlucca.com.br      ,Brazlucca - Cia da malha,12
"       Av. Interventor Manoel Ribas, 479 - Centro, União da Vitória - PR, 84600-000      ","4,0",Loja de tecidos,       (42) 3522-4073      ,,Center Malhas,13
"       Av. Vinte e Dois de Julho, 880, Irineópolis - SC, 89440-000      ","4,4",Loja de Roupa,       (47) 3625-1268      ,       ciadamalha.com.br      ,Lojão 22 - Irineópolis - Cia da malha,14
"       Av. Interventor Manoel Ribas, 1258 - São Bernardo, União da Vitória - PR, 84600-320      ","5,0",Loja,       (42) 3522-4626      ,,Kayrê Modas,15
"       Av. Vinte e Dois de Julho, 981 - centro, Irineópolis - SC, 89440-000      ","5,0",Loja de Roupa,       (47) 99676-1694      ,,Império da Economia,16
"       Av. Interventor Manoel Ribas, 167, Cruz Machado - PR, 84620-000      ","5,0",Loja de Roupa,       (42) 3554-2196      ,,Cestão do Carlão,17
"       R. Profa. Amazília, 312 - Centro, União da Vitória - PR, 84600-000      ","4,1",Loja de eletrodomésticos,       (42) 3522-1241      ,       colombo.com.br      ,Lojas Colombo,18
"       Gen. Carneiro - PR, 84660-000      ","3,5",Loja de Roupa,       (42) 3552-1879      ,       facebook.com      ,Izza Modas,19
"       R. Alm. Barroso, 175 - Centro, União da Vitória - PR, 84600-000      ","5,0",Loja de móveis,       (42) 3522-7149      ,,Ótima Móveis e Eletrodomésticos,20
"       Av. Manoel Ribas, 120 - Centro, Cruz Machado - PR, 84620-000      ","5,0",Loja de moda infantil,       (42) 99989-2416      ,       facebook.com      ,Rick & Nick,1
"       R. Carlos Cavalcante, 156 - Centro, União da Vitória - PR, 84600-000      ","4,7",Loja de tecidos,       (42) 3522-4140      ,,Casa Petry Ltda,2
"       R. Cruz Machado, 159 - Centro, União da Vitória - PR, 84600-000      ","4,5",Loja,       (42) 99953-8715      ,       evolucao.smartpos.app      ,Evolução Militar,3
"       Av. Interventor Manoel Ribas, 39 - Centro, União da Vitória - PR, 84600-000      ","3,4",Armarinho,       (42) 3522-3483      ,,Loja São Paulo,4
"       Cruz Machado - PR, 84620-000      ",,Loja de Roupa,,,Loja Mais Você,5
"       Rua Rui Barbosa Rua Rui Barbosa, Paulo Frontin - PR, 84635-000      ",,Loja de lingerie,       (42) 99808-4805      ,,Victória Lojas,6
"       R. Cruz Machado, 172 - Centro, União da Vitória - PR, 84600-000      ","4,5",Loja de artigos domésticos,       (49) 99984-0702      ,,LOJA DO REAL,7
"       Av. Interventor Manoel Ribas, 158 - Centro, União da Vitória - PR, 84600-280      ","4,3",Loja de calçado,       (42) 3522-1888      ,,Crystal Calçados,8
"       R. Francisco de Paula Pereira, 209 - Centro, Canoinhas - SC, 89460-000      ","4,3",Loja de Roupa,       (47) 98467-4359      ,       lojaalfacampos.com.br      ,Loja Alfa Campos,9
"       Av. Interventor Manoel Ribas, 116 - Centro, União da Vitória - PR, 84600-000      ","4,0",Loja de departamento,       (42) 3521-2300      ,       magazineluiza.com.br      ,Magazine Luiza,10
"       Av. Interventor Manoel Ribas, 493 - Centro, União da Vitória - PR, 84600-000      ","3,0",Loja de calçado,       (42) 3524-7475      ,       pt-br.facebook.com      ,Feirão dos Calçados,11
"       R. Profa. Amazília, 195 - Centro, União da Vitória - PR, 84600-000      ","3,6",Loja de móveis,       (42) 3522-4186      ,,Mercadomóveis,12
"       Av. Interventor Manoel Ribas, 455 - Centro, União da Vitória - PR, 84600-000      ","4,8",Loja de Presentes,       (42) 3523-2032      ,,Dalgallo Presentes Ltda,13
"       Praça Alvir Riesemberg, 109 - Centro, União da Vitória - PR, 84600-000      ","4,6",Loja de calçado,       (42) 3522-3941      ,       pt-br.facebook.com      ,Mercadão de Calçados Paranaense,14
"       R. Mal. Floriano Peixoto, 103, Mallet - PR, 84570-000      ","5,0",Loja de Roupa,,,Loja Flor de Campo,15
"       Av. Interventor Manoel Ribas, 890 - Centro, União da Vitória - PR, 84600-000      ","5,0",Loja,       (42) 3524-6002      ,,Época Boutique,16
"       Av. Interventor Manoel Ribas, 332 - Centro, União da Vitória - PR, 84600-000      ","4,1",Loja de Conveniência,       (42) 98888-0674      ,       americanas.com.br      ,Lojas Americanas,17
"       Centro, União da Vitória - PR, 84600-000      ","5,0",Loja,,,Bella Casa,18
"       Av. Interventor Manoel Ribas, 497 - Centro, União da Vitória - PR, 84600-280      ","4,6",Loja de calçado,       (42) 3522-1661      ,       casasestrela.com.br      ,Estrela Calçados,19
"       R. XV de Novembro, Mallet - PR, 84570-000      ","4,5",Loja de Roupa,       (42) 3542-1582      ,       facebook.com      ,Styllu's Fashion,20
"       Av. Bento Munhoz da Rocha Neto, 866 - Centro, União da Vitória - PR, 84600-000      ","4,4",Supermercado,       (42) 3521-5300      ,       superpao.com.br      ,Superpão Compre Mais União da Vitória Loja 08,1
"       Av. Int, Av. Interventor Manoel Ribas, 103 - Centro, União da Vitória - PR, 84600-280      ","4,8",Loja de variedades,       (42) 3523-1317      ,       lojavogel.negocio.site      ,Vogel & Cia Ltda,2
"       Av. Interventor Manoel Ribas, 370 - Centro, União da Vitória - PR, 84600-000      ","3,8",Loja de calçado,       (42) 3523-2573      ,       lojasleve.com.br      ,Lojas Leve - Calçados e Confecções,3
"       Unnamed Road, Canoinhas - SC, 89460-000      ",,Loja de Roupa,,,Jeito Natural,4
"       R. Carlos Cavalcante, 25, 0 - Centro, União da Vitória - PR, 84600-130      ","5,0",Loja de óculos de sol,       (42) 3523-4678      ,       mundochillibeans.com.br      ,Chilli Beans - União da Vitória,5
"       R. Profa. Amazília, 435 - Centro, União da Vitória - PR, 84600-970      ","4,3",Loja de materiais de construção,       (42) 3521-5800      ,       queroquero.com.br      ,Lojas Quero-Quero,6
"       R. João Gualberto, 255, Mallet - PR, 84570-000      ","4,5",Loja de Roupa,       (42) 99922-2871      ,,La Venue Modas,7
"       Av. Interventor Manoel Ribas, 304 - Centro, União da Vitória - PR, 84600-000      ","4,3",Loja de calçado,       (42) 3522-3211      ,,VIA BRASIL CALÇADOS,8
"       R. Carlos Cavalcante, 8 - Centro, União da Vitória - PR, 84600-000      ","4,4",Loja de artigos para festas,       (42) 3523-3852      ,,Show Festa Embalagens,9
"       R. Prudente de Morais, 516 - Centro, União da Vitória - PR, 84600-000      ","4,3",Supermercado,       (42) 3523-6797      ,       superpao.com.br      ,Superpão União da Vitória (Prudente de Morais) Loja 10,10
"       R. Carlos Cavalcante, 231 - Centro, União da Vitória - PR, 84600-000      ","4,1",Loja de móveis,       (42) 3522-3993      ,,Comercial Bandeirante,11
"       R. Profa. Amazília, 302 - Centro, União da Vitória - PR, 84600-000      ","4,2",Loja de variedades,       (42) 3522-3404      ,       milium.com.br      ,Milium Tem de Tudo - Loja 72,12
"       R. Visc. de Guarapuava, 34 - Centro, União da Vitória - PR, 84600-195      ",,Loja infantil,       (42) 99834-0612      ,,BEL BABY KIDS,13
,,,,,,14
,,,,,,15
"       R. Nipton Read Cury, 27 - Centro, União da Vitória - PR, 84600-145      ","3,8",Loja de móveis,       (42) 3522-4466      ,       casasestrela.com.br      ,Casas Estrela,16
,,,,,,1
"       Av. Barão do Rio Branco, 816 - Centro, Caçador - SC, 89500-000      ","4,1",Loja de Roupa,       (49) 3563-4084      ,,Lojas MR,2
,,,,,,1
"       R. Sete de Setembro, 122 - Centro, Porto União - SC, 89400-000      ","3,7",Loja,       (42) 3523-2975      ,       loja-emmy.business.site      ,LOJA EMMY,2
"       Centro, Porto União - SC, 89400-000      ","4,4",Loja,       (42) 98429-9881      ,,G10,1
,,,,,,2
"       Av. Bento Munhoz da Rocha Neto, 866 - Centro, União da Vitória - PR, 84600-000      ","4,2",Supermercado,       (42) 3521-5300      ,       superpao.com.br      ,Supermercados Superpão,3
"       Centro, Porto União - SC, 89400-000      ","4,4",Loja,       (42) 98429-9881      ,,G10,1
,,,,,,2
"       Av. Bento Munhoz da Rocha Neto, 866 - Centro, União da Vitória - PR, 84600-000      ","4,2",Supermercado,       (42) 3521-5300      ,       superpao.com.br      ,Supermercados Superpão,3
"       Centro, Porto União - SC, 89400-000      ","4,4",Loja,       (42) 98429-9881      ,,G10,1
,,,,,,2
"       Av. Bento Munhoz da Rocha Neto, 866 - Centro, União da Vitória - PR, 84600-000      ","4,2",Supermercado,       (42) 3521-5300      ,       superpao.com.br      ,Supermercados Superpão,3
"       Centro, Porto União - SC, 89400-000      ","4,4",Loja,       (42) 98429-9881      ,,G10,1
,,,,,,2
"       Av. Bento Munhoz da Rocha Neto, 866 - Centro, União da Vitória - PR, 84600-000      ","4,2",Supermercado,       (42) 3521-5300      ,       superpao.com.br      ,Supermercados Superpão,3
"       Centro, Porto União - SC, 89400-000      ","4,4",Loja,       (42) 98429-9881      ,,G10,1
,,,,,,2
"       Av. Bento Munhoz da Rocha Neto, 866 - Centro, União da Vitória - PR, 84600-000      ","4,2",Supermercado,       (42) 3521-5300      ,       superpao.com.br      ,Supermercados Superpão,3
"       Centro, Porto União - SC, 89400-000      ","4,4",Loja,       (42) 98429-9881      ,,G10,1
,,,,,,2
"       Av. Bento Munhoz da Rocha Neto, 866 - Centro, União da Vitória - PR, 84600-000      ","4,2",Supermercado,       (42) 3521-5300      ,       superpao.com.br      ,Supermercados Superpão,3
"       Centro, Porto União - SC, 89400-000      ","4,4",Loja,       (42) 98429-9881      ,,G10,1
,,,,,,2
"       Av. Bento Munhoz da Rocha Neto, 866 - Centro, União da Vitória - PR, 84600-000      ","4,2",Supermercado,       (42) 3521-5300      ,       superpao.com.br      ,Supermercados Superpão,3
"       Centro, Porto União - SC, 89400-000      ","4,4",Loja,       (42) 98429-9881      ,,G10,1
,,,,,,2
"       Av. Bento Munhoz da Rocha Neto, 866 - Centro, União da Vitória - PR, 84600-000      ","4,2",Supermercado,       (42) 3521-5300      ,       superpao.com.br      ,Supermercados Superpão,3
"       Centro, Porto União - SC, 89400-000      ","4,4",Loja,       (42) 98429-9881      ,,G10,1
,,,,,,2
"       Av. Bento Munhoz da Rocha Neto, 866 - Centro, União da Vitória - PR, 84600-000      ","4,2",Supermercado,       (42) 3521-5300      ,       superpao.com.br      ,Supermercados Superpão,3
"       Centro, Porto União - SC, 89400-000      ","4,4",Loja,       (42) 98429-9881      ,,G10,1
,,,,,,2
"       Av. Bento Munhoz da Rocha Neto, 866 - Centro, União da Vitória - PR, 84600-000      ","4,2",Supermercado,       (42) 3521-5300      ,       superpao.com.br      ,Supermercados Superpão,3
"       Centro, Porto União - SC, 89400-000      ","4,4",Loja,       (42) 98429-9881      ,,G10,1
,,,,,,2
"       Av. Bento Munhoz da Rocha Neto, 866 - Centro, União da Vitória - PR, 84600-000      ","4,2",Supermercado,       (42) 3521-5300      ,       superpao.com.br      ,Supermercados Superpão,3
"       Centro, Porto União - SC, 89400-000      ","4,4",Loja,       (42) 98429-9881      ,,G10,1
,,,,,,2
"       Av. Bento Munhoz da Rocha Neto, 866 - Centro, União da Vitória - PR, 84600-000      ","4,2",Supermercado,       (42) 3521-5300      ,       superpao.com.br      ,Supermercados Superpão,3
"       Centro, Porto União - SC, 89400-000      ","4,4",Loja,       (42) 98429-9881      ,,G10,1
,,,,,,2
"       Av. Bento Munhoz da Rocha Neto, 866 - Centro, União da Vitória - PR, 84600-000      ","4,2",Supermercado,       (42) 3521-5300      ,       superpao.com.br      ,Supermercados Superpão,3
"       Centro, Porto União - SC, 89400-000      ","4,4",Loja,       (42) 98429-9881      ,,G10,1
,,,,,,2
"       Av. Bento Munhoz da Rocha Neto, 866 - Centro, União da Vitória - PR, 84600-000      ","4,2",Supermercado,       (42) 3521-5300      ,       superpao.com.br      ,Supermercados Superpão,3
,,,,,,4
"       Av. Interventor Manoel Ribas, 190 - Terreo - Centro, União da Vitória - PR, 86730-000      ","4,3",Loja de chocolates,       (44) 99801-8581      ,       cacaushow.com.br      ,Cacau Show,5
"       R. Siqueira Campos - Centro, Porto União - SC, 89400-000      ","4,3",Loja de Brinquedos,       (42) 3523-7746      ,,Schok Presentes e Acessórios,6
"       R. Dr. Munhoz da Rocha, 333 - Centro, Irati - PR, 84500-000      ","3,0",Loja de Roupa,       (42) 3422-2041      ,       hering.com.br      ,Hering,7
"       R. Emílio Kroni, 558 - Nossa Sra. do Rócio, União da Vitória - PR, 84600-000      ",,Loja de madeiras,       (42) 3522-6900      ,       dissenha.com.br      ,Grupo Dissenha,8
"       R. Teixeira Soares, 390 - Navegantes, União da Vitória - PR, 84600-093      ","4,7",Supermercado,       (42) 99910-3942      ,       bahniuk.com.br      ,Bahniuk Fresh Market,9
"       R. Prudente de Morais, 100 - Centro, União da Vitória - PR, 89400-000      ","4,3",Casa lotérica,       (42) 3522-2348      ,       caixa.gov.br      ,Lotérica Porto União,10
"       Av. Interventor Manoel Ribas, 1009 - Centro, União da Vitória - PR, 84600-280      ",,Farmácia,       (42) 3522-7456      ,       redehiperfarma.com.br      ,Farmácia Hiperfarma Manoel Ribas,11
"       Av. Paula Freitas, 1348 - Centro, União da Vitória - PR, 84600-000      ","3,6",Casa lotérica,       (42) 3524-5050      ,,Lotérica São Cristóvão,12
"       R. Profa. Amazília, 246 - Centro, União da Vitória - PR, 84600-000      ",,Atacadista de roupas,       (42) 98818-9939      ,,Alfa Campos - União da Vitória,13
